<!DOCTYPE suite SYSTEM "http://testng.org/testng-1.0.dtd">
<suite name="Tests Suite" parallel="false">
    <!-- Define the browser parameter -->
    <parameter name="browser" value="chrome"/>

    <!-- Test Suite 1: Login Functionality -->
    <test name="Login Functionality Tests">
        <parameter name="browser" value="chrome"/>
        <classes>
            <class name="Cart.AddtoCart"/>
            <class name="Cart.ManageCart"/>
            <class name="Login.Logout"/>
            <class name="Login.InvalidLogin"/>
            <class name="Login.ValidLogin"/>
            <class name="PlaceOrder.InvalidPurchase"/>
            <class name="PlaceOrder.ValidPurchase"/>
            <class name="Registeration.ValidRegisteration"/>
            <class name="Registeration.invalidRegisteration"/>


        </classes>
    </test>
</suite>